"","Wardcode","hhSocialRented","JobSeekers","Noqual","Carsperhousehold"
"1","00ABFX",26.7,8.7,16.4,0.5
"2","00ABFY",36.8,10.2,31.2,0.8
"3","00ABFZ",29.4,10.2,28,0.9
"4","00ABGB",20,8.8,29.9,1.1
"5","00ABGC",37.4,10.2,28.9,0.8
"6","00ABGD",54,12.2,25.5,0.5
"7","00ABGE",37.3,9.6,30,0.8
"8","00ABGF",45.3,12.2,32.1,0.7
"9","00ABGG",13.1,5.6,22.7,1.1
"10","00ABGH",38.6,9.6,32.1,0.8
"11","00ABGJ",36.4,9.5,31.8,0.8
"12","00ABGK",25.7,8.6,29.9,0.8
"13","00ABGL",44.4,9.2,24.1,0.7
"14","00ABGM",37.4,9.5,32.1,0.8
"15","00ABGN",39.9,11.9,30.3,0.8
"16","00ABGP",12.3,6.9,24,1
"17","00ACFX",9,4,17.4,1.3
"18","00ACFY",35.5,6.9,23.6,0.8
"19","00ACFZ",12.5,6.2,13.7,0.8
"20","00ACGA",34.3,4.8,18,0.8
"21","00ACGB",13.4,4.9,15,1
"22","00ACGC",9.8,4.3,17.1,1.2
"23","00ACGD",22.2,4.2,14.1,0.8
"24","00ACGE",15.8,4.2,17,1.2
"25","00ACGF",4.9,3.4,12.3,1.2
"26","00ACGG",4.9,2,8.2,7.2
"27","00ACGH",13.3,4.5,16.4,1
"28","00ACGJ",13.6,4.1,17.8,1.2
"29","00ACGK",12.1,4.7,13.5,1
"30","00ACGL",7.7,2.9,13.1,1.2
"31","00ACGM",12.8,3.8,14,1.3
"32","00ACGN",7.3,3.7,14.7,1.3
"33","00ACGP",8.7,2.5,13,1.3
"34","00ACGQ",25.7,5.4,21.6,1.1
"35","00ACGR",7.2,3.3,12.2,0.9
"36","00ACGS",16.8,5,17.8,0.9
"37","00ACGT",11.5,4.5,15.7,1
"38","00ADGA",10.7,3.5,23.1,1.3
"39","00ADGB",16.1,6.1,23.7,1
"40","00ADGC",3.8,2.1,22.4,1.3
"41","00ADGD",2.6,2.4,21.5,1.4
"42","00ADGE",4.4,2.7,22.9,1.3
"43","00ADGF",3.9,3.3,21,1.2
"44","00ADGG",29.4,6.7,25.1,1.1
"45","00ADGH",21.8,4.7,25.3,1.1
"46","00ADGJ",22.8,4.1,25.1,1.2
"47","00ADGK",8.9,3.3,23,1.2
"48","00ADGL",12.6,4.6,26.4,1.2
"49","00ADGM",20.2,6.6,23.6,1
"50","00ADGN",1.1,2.9,22.1,1.3
"51","00ADGP",21,5.3,23.8,1.1
"52","00ADGQ",13.2,2.8,20.9,1.2
"53","00ADGR",37.4,8.9,28.8,0.9
"54","00ADGS",9.3,3.8,23.3,1.3
"55","00ADGT",4.1,2.1,18.9,1.4
"56","00ADGU",7,3.7,21.8,1.4
"57","00ADGW",6.7,2,19.1,1.2
"58","00ADGX",38.4,9.7,20.8,0.8
"59","00AEGJ",12.1,4.5,22.1,0.9
"60","00AEGK",26.6,6.7,18.1,1
"61","00AEGL",21.5,5.3,15.9,0.7
"62","00AEGM",22.1,8,24.4,0.9
"63","00AEGN",19.9,9.1,19.8,0.8
"64","00AEGP",13.9,5.1,20.3,1.1
"65","00AEGQ",44,23.4,24.1,0.5
"66","00AEGR",26.7,13.3,19.7,0.6
"67","00AEGS",5.6,2.6,17.3,1.4
"68","00AEGT",45,13.3,17.1,0.4
"69","00AEGU",19.2,7.3,14.5,0.6
"70","00AEGW",16.2,3.1,13.4,1.3
"71","00AEGX",12.6,4.9,17.5,1
"72","00AEGY",19.9,6.9,13.3,0.7
"73","00AEGZ",15.3,4.2,21.4,1.2
"74","00AEHA",62.3,13.7,25.9,0.6
"75","00AEHB",15,6.1,18.1,0.9
"76","00AEHC",12,4.7,19.4,0.9
"77","00AEHD",19.2,7.7,22.6,0.9
"78","00AEHE",15.6,6,20.7,0.8
"79","00AEHF",26.8,8.9,18.5,0.5
"80","00AFGD",7,2.4,14.5,1.4
"81","00AFGE",4.6,2.8,18.3,1.7
"82","00AFGF",15.7,4.3,20.5,1.3
"83","00AFGG",10,3.3,13.1,1
"84","00AFGH",4.6,2.3,16.4,1.5
"85","00AFGJ",7.1,2.9,15.8,1.4
"86","00AFGK",12.6,3.7,15.2,1
"87","00AFGL",9.2,3.1,12.1,1
"88","00AFGM",24.7,6.1,27.9,1
"89","00AFGN",33.5,7.1,28.5,1.1
"90","00AFGP",33.2,8.2,16.9,0.6
"91","00AFGQ",5.5,1.6,21.9,1.7
"92","00AFGR",8.8,2.2,18.1,1.3
"93","00AFGS",3.1,2.2,15.7,1.4
"94","00AFGT",8.6,3.1,17.1,1.3
"95","00AFGU",31.9,7.3,26,1
"96","00AFGW",15.8,4.8,22.3,1.2
"97","00AFGX",29.8,7.4,17,0.8
"98","00AFGY",2.7,2.1,15.2,1.4
"99","00AFGZ",17.4,4.7,18.6,1
"100","00AFHA",6.2,1.7,12.1,1.3
"101","00AFHB",4.4,2.2,15.2,1.4
"102","00AGGD",19.6,3.3,8.4,0.6
"103","00AGGE",28.6,4.2,7.8,0.2
"104","00AGGF",30.5,5.4,11.7,0.5
"105","00AGGG",40.3,6.2,13.9,0.4
"106","00AGGH",16.7,5,9.2,0.6
"107","00AGGJ",7.1,1.9,6.1,0.8
"108","00AGGK#",45.9,6.3,17.8,0.5
"109","00AGGL",13.4,1.6,6.1,0.7
"110","00AGGM",49.2,7.7,18.6,0.4
"111","00AGGN",34.1,5.2,12.6,0.7
"112","00AGGP",42.5,6,12.9,0.3
"113","00AGGQ",33.3,5.6,13.6,0.4
"114","00AGGR",42.1,8,17.4,0.4
"115","00AGGS",46.1,7.5,12.1,0.2
"116","00AGGT",48,6.7,17.5,0.4
"117","00AGGU",61.2,10.8,22.7,0.3
"118","00AGGW",16.5,2.9,9,0.6
"119","00AGGX",22.2,4.6,9.5,0.5
"120","00AHGE",13.7,5.1,15.3,0.7
"121","00AHGF",21.5,5.4,19.5,1.1
"122","00AHGG",11.9,8.5,17.9,0.8
"123","00AHGH",27.5,8.3,20.2,0.7
"124","00AHGJ",12.5,3.5,18.2,1.4
"125","00AHGK",4.6,2.7,15.1,1.5
"126","00AHGL",8.3,4.4,12,1
"127","00AHGM",15.5,4.2,12.3,0.6
"128","00AHGN",60.6,11,34.4,0.8
"129","00AHGP",9.3,4.2,17.2,1.3
"130","00AHGQ",11.4,4,14.6,1.3
"131","00AHGR",42.2,7.9,34.8,1
"132","00AHGS",13.8,6.6,16.2,1
"133","00AHGT",7.6,4.4,12.9,1.2
"134","00AHGU",6.7,2.9,15.1,1.5
"135","00AHGW",27.1,9.9,18.9,0.6
"136","00AHGX",2,2.7,15.2,1.5
"137","00AHGY",18.5,4.7,19.1,1.2
"138","00AHGZ",20.7,9.6,15.9,0.7
"139","00AHHA",19.7,11.3,18.7,0.7
"140","00AHHB",20.6,7.7,16.6,0.9
"141","00AHHC",25.5,6.8,19.1,0.8
"142","00AHHD",15.7,7.9,17.9,0.8
"143","00AHHE",19.8,8.4,17.1,0.8
"144","00AJGC",23.3,6.6,14.3,0.7
"145","00AJGD",21.5,5.6,13.1,0.9
"146","00AJGE",28.4,8.9,23.5,1
"147","00AJGF",11,3.4,7.3,0.8
"148","00AJGG",14.6,4.8,10.8,0.9
"149","00AJGH",22.1,7.8,15,0.7
"150","00AJGJ",20.2,5.9,15.1,0.8
"151","00AJGK",23.4,7.6,21.9,0.9
"152","00AJGL",9.7,4.8,17.8,1.1
"153","00AJGM",4.7,3.3,9.2,1
"154","00AJGN",25.2,5.6,18.2,0.9
"155","00AJGP",7.3,6.1,19.8,1.3
"156","00AJGQ",6.7,2.6,8.7,0.9
"157","00AJGR",8.3,3.8,16.9,1.2
"158","00AJGS",24.2,7.8,21.5,0.9
"159","00AJGT",34.5,9.4,25.1,0.9
"160","00AJGU",34.7,10.1,21.8,1.1
"161","00AJGW",8.5,5,17.4,1.1
"162","00AJGX",33.9,7.3,16.2,0.7
"163","00AJGY",16.4,8.5,23.8,0.9
"164","00AJGZ",13.6,10.9,23.6,0.9
"165","00AJHA",9.8,3.1,9,0.8
"166","00AJHB",12,3.6,10.2,0.8
"167","00AKGL",10.7,6.8,16.7,0.8
"168","00AKGM",5.2,4.1,20.4,1.3
"169","00AKGN",21.3,6.5,22.4,1.1
"170","00AKGP",12,4.3,19,1.3
"171","00AKGQ",43.1,19.6,30.5,0.6
"172","00AKGR",24.4,9.6,30.1,1
"173","00AKGS",22.7,11,26.5,0.9
"174","00AKGT",3.4,3.1,16.1,1.3
"175","00AKGU",19.5,11,27.2,0.8
"176","00AKGW",7.4,3.3,18.7,1.2
"177","00AKGX",15.5,9.1,28.5,1
"178","00AKGY",27.4,11.5,28.5,0.7
"179","00AKGZ",9,5.7,20.6,1
"180","00AKHA",25.6,13.7,26.9,0.8
"181","00AKHB",24,8.1,24.6,0.9
"182","00AKHC",7.4,4.6,16.1,1.1
"183","00AKHD",12,4.3,16.3,1.1
"184","00AKHE",6.1,3.8,17.4,1.2
"185","00AKHF",26.3,9.5,30.2,1
"186","00AKHG",29.8,11.7,28.3,0.8
"187","00AKHH",6.4,3.9,15.4,1.2
"188","00ALGP",38.9,9,25.3,0.7
"189","00ALGQ",22.4,3.4,12.1,0.8
"190","00ALGR",41.1,7.4,20.8,0.7
"191","00ALGS",23.5,4.9,25.4,1.1
"192","00ALGT",17,4.1,20,1.1
"193","00ALGU",22.4,5.5,21.5,1
"194","00ALGW",44.1,6.2,30.8,0.9
"195","00ALGX",41.4,10.5,21.4,0.6
"196","00ALGY",35.7,5.4,12.8,0.6
"197","00ALGZ",32.1,6.8,23.7,0.9
"198","00ALHA",37.3,7.9,25.5,0.9
"199","00ALHB",30.6,4.1,15,0.6
"200","00ALHC",27.3,11,21.6,0.7
"201","00ALHD",19.5,5.9,19.4,1
"202","00ALHE",38,9.3,18.7,0.7
"203","00ALHF",50,13.4,21.8,0.6
"204","00ALHG",50,10.4,19.9,0.5
"205","00AMGA",32,6,14.1,0.4
"206","00AMGB",33.8,9.9,23.5,0.4
"207","00AMGC",51,14.1,21.1,0.4
"208","00AMGD",34,5.6,14.3,0.5
"209","00AMGE",38.9,12,15.9,0.4
"210","00AMGF",39.9,9.4,15.6,0.4
"211","00AMGG",50.7,11,18.4,0.3
"212","00AMGH",43.1,11.6,19.3,0.4
"213","00AMGJ",44.1,10.4,16.1,0.3
"214","00AMGK",54.3,9.4,17.7,0.3
"215","00AMGL",57.9,13.6,24.6,0.5
"216","00AMGM",32,11.4,18.5,0.5
"217","00AMGN",37,7.1,24.2,0.5
"218","00AMGP",44.5,8.5,29,0.4
"219","00AMGQ",50.1,12.2,18.8,0.4
"220","00AMGR",47,10.8,31.7,0.4
"221","00AMGS",32.2,8.3,14.2,0.4
"222","00AMGT",52.3,12.5,19.5,0.4
"223","00AMGU",53.8,12.2,22.8,0.5
"224","00ANGA",24.9,4.5,9.3,0.5
"225","00ANGB",34.8,6.7,13.7,0.5
"226","00ANGC",21.9,4.7,9.3,0.5
"227","00ANGD",55.9,7.9,23,0.4
"228","00ANGE",36.2,4.6,14.8,0.5
"229","00ANGF",31.9,3.8,11.7,0.5
"230","00ANGG",39.9,5.5,15,0.5
"231","00ANGH",18.1,2.8,9.7,0.7
"232","00ANGJ",28.6,4.7,11.2,0.4
"233","00ANGK",14.2,1.8,9.9,0.9
"234","00ANGL",20.6,3,9.5,0.8
"235","00ANGM",23.2,3.4,9.9,0.6
"236","00ANGN",33.9,4.2,12.8,0.6
"237","00ANGP",37.9,8.2,13.9,0.4
"238","00ANGQ",23.7,3.6,9.4,0.6
"239","00ANGR",52.3,10.5,21.5,0.5
"240","00APGA",9,3.4,8,1
"241","00APGB",28.4,8.5,17.3,0.6
"242","00APGC",28.2,15.3,22.5,0.5
"243","00APGD",10.2,3.4,6.4,0.7
"244","00APGE",11.2,3.5,9.2,0.9
"245","00APGF",13.9,9.3,14,0.5
"246","00APGG",11.1,3.3,6.4,0.8
"247","00APGH",29.5,8.6,13.8,0.6
"248","00APGJ",9.4,3,8.3,0.9
"249","00APGK",38.2,12.1,20.8,0.5
"250","00APGL",48.6,20.8,29.2,0.5
"251","00APGM",23.6,11.3,20.4,0.5
"252","00APGN",31.8,10.3,24.4,0.5
"253","00APGP",22.9,5.5,10.1,0.6
"254","00APGQ",39.2,12.7,22.7,0.4
"255","00APGR",39.2,11.8,24.7,0.5
"256","00APGS",36,12,23.9,0.5
"257","00APGT",48.7,14.4,30,0.6
"258","00APGU",23.2,9.2,20,0.6
"259","00AQFY",3.7,2.8,15.1,1.5
"260","00AQFZ",10.2,2.9,17.8,1.3
"261","00AQGA",10.3,4.3,22.5,1.1
"262","00AQGB",11.4,5.3,11.7,0.8
"263","00AQGC",13.8,3.4,13.3,1
"264","00AQGD",15.9,4.7,19.4,1.3
"265","00AQGE",8.5,2.4,15.4,1.4
"266","00AQGF",4,2.5,12.9,1.4
"267","00AQGG",7.2,3.7,13.1,1.1
"268","00AQGH",14.8,3.7,23.4,1.2
"269","00AQGJ",3,3,17.9,1.4
"270","00AQGK",11.1,6.1,17.1,0.9
"271","00AQGL",14.6,2.8,14.7,1.3
"272","00AQGM",6.7,1.9,11.4,1.4
"273","00AQGN",3.9,3.2,20.8,1.2
"274","00AQGP",2.2,3.2,13.7,1.3
"275","00AQGQ",25.4,5.7,19.2,1
"276","00AQGR",9.5,5.2,17.3,1.2
"277","00AQGS",15,3.2,19.7,1.4
"278","00AQGT",15.1,6.4,20.9,1
"279","00AQGU",9.6,3.7,13.4,1.1
"280","00ARGC",17.4,5,24.9,1
"281","00ARGD",4.8,2.7,22.2,1.3
"282","00ARGE",15.1,5,29.6,1.1
"283","00ARGF",3.9,2.5,23.1,1.6
"284","00ARGG",41.9,9.3,34.2,1
"285","00ARGH",4.4,3.1,25.3,1.3
"286","00ARGJ",16,4.8,25.8,1.2
"287","00ARGK",20.6,6.4,30.4,1.3
"288","00ARGL",37.1,8.8,35.8,1
"289","00ARGM",7.2,3.2,23.7,1.4
"290","00ARGN",11.4,5,29.6,1.2
"291","00ARGP",5.4,3.2,25.7,1.4
"292","00ARGQ",8.9,5.2,29.8,1.3
"293","00ARGR",13,5,21,0.9
"294","00ARGS",11.3,3.7,26.2,1.2
"295","00ARGT",19.8,7.3,31.4,1.2
"296","00ARGU",8.8,3.9,20,1.3
"297","00ARGW",1.9,31.6,19,1.4
"298","00ASGG",19.2,5.8,22.4,1.2
"299","00ASGH",25.2,7.6,24,1.1
"300","00ASGJ",22,3.3,17.6,1.1
"301","00ASGK",7.3,2.4,17.2,1.4
"302","00ASGL",9.7,4.2,21.6,1.3
"303","00ASGM",7.2,2,13.6,1.5
"304","00ASGN",24,3.2,23.8,1.4
"305","00ASGP",14.8,3.7,19.2,1.1
"306","00ASGQ",14.8,4.5,19.3,1.3
"307","00ASGR",4.4,1.6,14.6,1.6
"308","00ASGS",4.1,2,17,1.3
"309","00ASGT",14.2,2.3,13.3,1.3
"310","00ASGU",15.5,2.6,16.6,1.3
"311","00ASGW",20.4,6,22,1.2
"312","00ASGX",10.1,3.4,18.3,1.2
"313","00ASGY",30.1,7.9,24.7,1
"314","00ASGZ",12.7,2.9,16.8,1.3
"315","00ASHA",22.2,3.9,14.1,1
"316","00ASHB",26.4,5.3,24.3,1.1
"317","00ASHC",11,2,16.3,1.3
"318","00ASHD",21.8,6,19.8,1.1
"319","00ASHE",27.3,5.5,23.7,1
"320","00ATFY",26.9,5.1,24,1.1
"321","00ATFZ",37.7,3.9,17.2,0.8
"322","00ATGA",16.4,2.3,9.3,0.9
"323","00ATGB",18.5,2.9,9.2,1
"324","00ATGC",29.1,6,20.2,1
"325","00ATGD",22.3,4.6,26.1,1.1
"326","00ATGE",27.2,4.5,20.5,1
"327","00ATGF",38.6,6.7,26.4,1
"328","00ATGG",21.3,3.8,23.4,1.1
"329","00ATGH",19.5,4.6,17.3,1.1
"330","00ATGJ",15.7,4.6,16.1,1.2
"331","00ATGK",33.7,7,21.8,1.1
"332","00ATGL",16.9,3.9,12.8,0.7
"333","00ATGM",20,6,15.7,0.9
"334","00ATGN",5.1,2.9,15.7,1.3
"335","00ATGP",18.9,4.6,16.3,0.9
"336","00ATGQ",34.1,4.9,19.9,0.9
"337","00ATGR",6.9,3.3,10.8,1.2
"338","00ATGS",27.4,4.1,16.4,0.9
"339","00ATGT",14.7,2.7,9.9,0.8
"340","00AUFX",38.5,5,16.3,0.5
"341","00AUFY",47.3,6.5,15.8,0.3
"342","00AUFZ",44.7,6.3,21,0.4
"343","00AUGA",47.2,6.8,19.2,0.4
"344","00AUGB",42.3,5.6,15.1,0.4
"345","00AUGC",43.4,9.6,20.6,0.3
"346","00AUGD",31.1,4.7,13.4,0.5
"347","00AUGE",33.5,6,12.6,0.4
"348","00AUGF",45.3,7.6,17.9,0.5
"349","00AUGG",46.5,6.2,18.8,0.4
"350","00AUGH",43.3,6.9,16.8,0.4
"351","00AUGJ",47,6.8,17.4,0.4
"352","00AUGK",38,6.9,16.5,0.5
"353","00AUGL",41.5,5.1,15.5,0.4
"354","00AUGM",40.4,5.9,17.3,0.4
"355","00AUGN",41.9,7.8,17.3,0.4
"356","00AWFY",9.4,2.8,6.3,0.6
"357","00AWFZ",12.3,1.4,6.6,0.6
"358","00AWGA",7,1.5,4.5,0.7
"359","00AWGB",45.2,6.4,13.1,0.4
"360","00AWGC",9.1,2.7,3.8,0.5
"361","00AWGD",43.4,4.8,15.4,0.5
"362","00AWGE",22.7,5.1,8.4,0.4
"363","00AWGF",67.8,12.1,22.5,0.4
"364","00AWGG",16.4,2.2,9.2,0.6
"365","00AWGH",11.9,3.1,7,0.7
"366","00AWGJ",38.5,5.4,14.2,0.6
"367","00AWGK",55.8,9.3,19.4,0.5
"368","00AWGL",12.7,2.7,6.2,0.5
"369","00AWGM",4,1.5,3.8,0.6
"370","00AWGN",10.4,2.6,5.2,0.6
"371","00AWGP",13.6,1.8,9,0.8
"372","00AWGQ",58.7,9.4,21.5,0.5
"373","00AWGR",13.1,2,7.3,0.7
"374","00AXFX",4.9,2.1,15.8,1.4
"375","00AXFY",17.4,2.4,11.9,1
"376","00AXFZ",11.5,2.9,15.2,1
"377","00AXGA",12.5,1.9,9,0.9
"378","00AXGB",14.8,2.8,21.9,1.3
"379","00AXGC",11.7,2.1,19.1,1.4
"380","00AXGD",11.6,2.3,10.7,1.3
"381","00AXGE",6.9,1.8,11.7,1.2
"382","00AXGF",13.2,2.2,8.5,0.8
"383","00AXGG",31.2,4.9,17.7,0.8
"384","00AXGH",9.1,2.3,15.7,1.4
"385","00AXGJ",9.3,2.3,15.9,1.3
"386","00AXGK",6.7,2.9,6.7,0.9
"387","00AXGL",7.5,1.7,10.7,1
"388","00AXGM",10.7,2.7,18.4,1.2
"389","00AXGN",7.5,1.9,10.1,1.2
"390","00AYFZ",41.8,6.9,14.5,0.4
"391","00AYGA",32.2,7.9,13.8,0.5
"392","00AYGB",23.7,3.8,8.3,0.7
"393","00AYGC",29.7,5.1,10.9,0.5
"394","00AYGD",59.1,15,17.6,0.4
"395","00AYGE",37.4,6.6,13.3,0.4
"396","00AYGG",31.8,8.5,12.2,0.5
"397","00AYGH",30.6,9.1,15.9,0.6
"398","00AYGJ",41.4,7.3,13.9,0.4
"399","00AYGK",34.8,6,13,0.4
"400","00AYGL",47.1,8.9,16.3,0.4
"401","00AYGM",14,7.3,12.6,0.6
"402","00AYGN",45,9.2,16.2,0.4
"403","00AYGP",24.9,6.5,13.5,0.6
"404","00AYGQ",15.5,7.6,17,0.8
"405","00AYGR",20.8,6.2,13.9,0.6
"406","00AYGS",39.1,5.9,14.2,0.6
"407","00AYGT",27.1,5.9,12.7,0.7
"408","00AYGU",43.2,11,14.7,0.5
"409","00AYGW",53.2,11,16,0.4
"410","00AZGD",44,9.5,25.4,0.7
"411","00AZGE",28.8,4.7,13.2,0.7
"412","00AZGF",30.1,8.4,11.8,0.5
"413","00AZGG",12.6,6.5,17.3,0.9
"414","00AZGH",16.8,5.9,15.3,0.7
"415","00AZGJ",40.9,9.9,30.2,0.7
"416","00AZGK",57.3,10.2,19.1,0.4
"417","00AZGL",26.4,7.6,13.9,0.7
"418","00AZGM",26.7,7.1,22.5,0.9
"419","00AZGN",23.6,6.1,12.8,0.7
"420","00AZGP",21.2,6.3,14.6,0.7
"421","00AZGQ",27.4,8.2,16.1,0.5
"422","00AZGR",40.5,10,17.9,0.5
"423","00AZGS",26.5,7.1,16.2,0.7
"424","00AZGT",26.9,9.2,18,0.6
"425","00AZGU",34.7,8,18.7,0.7
"426","00AZGW",36.6,8.2,14.4,0.6
"427","00AZGX",34.5,8.8,25.9,0.8
"428","00BAFX",14.1,2,10.1,0.7
"429","00BAFY",5.5,2.9,17,1.2
"430","00BAFZ",12.6,3.5,13.3,0.7
"431","00BAGA",36.9,10.1,24.5,0.7
"432","00BAGB",3.7,1.4,7.8,0.8
"433","00BAGC",27.3,9.1,21,0.8
"434","00BAGD",3.9,6,15.8,0.9
"435","00BAGE",9.9,1.2,6.4,0.8
"436","00BAGF",20.4,5.7,18.1,0.8
"437","00BAGG",10.6,6,19.1,1
"438","00BAGH",4.1,3.1,20.9,1.3
"439","00BAGJ",3.9,2.5,11.5,1
"440","00BAGK",24.1,8.4,21.7,1
"441","00BAGL",25.1,6.8,23.7,0.9
"442","00BAGM",10.7,1.8,9.7,1
"443","00BAGN",31,6.2,23.7,0.9
"444","00BAGP",11.9,2.8,9.2,0.8
"445","00BAGQ",5.6,0.9,6.8,1.4
"446","00BAGR",5.2,2.4,13.9,1.1
"447","00BAGS",8.3,2,7.8,1
"448","00BBGB",36.5,6.5,19.2,0.7
"449","00BBGC",25.8,9.8,22.4,0.6
"450","00BBGD",49.3,14.4,25.7,0.5
"451","00BBGE",36,9.2,22.6,0.5
"452","00BBGF",41.4,9.5,25.3,0.7
"453","00BBGG",15.7,8.4,19.3,0.6
"454","00BBGH",17.6,8.9,19.9,0.7
"455","00BBGJ",31.1,10.4,24.3,0.7
"456","00BBGK",28.9,8.7,17.8,0.6
"457","00BBGL",26.4,9.8,17.6,0.6
"458","00BBGM",12.8,9.5,20.3,0.6
"459","00BBGN",13.5,9.7,21.6,0.7
"460","00BBGP",30.1,12,23.2,0.6
"461","00BBGQ",22.5,10.9,20.7,0.7
"462","00BBGR",41.7,11.3,23.6,0.5
"463","00BBGS",25.1,10.5,21.8,0.6
"464","00BBGT",30.8,5.6,14.1,0.7
"465","00BBGU",31.8,7,13.9,0.4
"466","00BBGW",17.7,8.4,19.6,0.7
"467","00BBGX",40.9,10.9,20.9,0.5
"468","00BCFY",11.3,5.3,19.6,1.1
"469","00BCFZ",4.7,4.2,17.2,1.2
"470","00BCGA",13.8,4.5,19.9,1.1
"471","00BCGB",10,6.5,18.5,1
"472","00BCGC",8.2,3.7,12.3,1.1
"473","00BCGD",4.9,3.6,17,1.4
"474","00BCGE",10.7,9.1,18.6,0.8
"475","00BCGF",5.3,5.1,17.6,1.2
"476","00BCGG",9.7,5.2,21.2,1.2
"477","00BCGH",14.9,6.1,23.4,1.2
"478","00BCGJ",8.5,8.4,18.1,1
"479","00BCGK",27.3,8.4,28.9,1
"480","00BCGL",22.8,10.7,20.1,0.7
"481","00BCGM",7.6,7,20.5,1.2
"482","00BCGN",4.4,1.9,15,1.4
"483","00BCGP",10,6.5,17.4,1.1
"484","00BCGQ",15.9,5,15.9,1.1
"485","00BCGR",8.2,8,18.4,1
"486","00BCGS",11.8,2.8,14.9,1
"487","00BCGT",8.9,8.8,16.6,0.8
"488","00BCGU",14.3,3,15.2,1.1
"489","00BDFW",17.9,2.1,9.1,1
"490","00BDFX",7.6,1.5,6.6,1.1
"491","00BDFY",8,1.9,10.8,1.1
"492","00BDFZ",18.5,3.1,14.1,1
"493","00BDGA",13.8,1.7,12.5,1.2
"494","00BDGB",22.5,2.9,17.6,1.2
"495","00BDGC",15.1,1.8,10,1.1
"496","00BDGD",21.2,3.8,20.4,1.2
"497","00BDGE",9.9,1.7,7.5,1
"498","00BDGF",16,2.3,9.8,0.9
"499","00BDGG",16.9,2.1,10.2,0.9
"500","00BDGH",4,1.6,6.6,1.1
"501","00BDGJ",13.9,2,7.1,0.9
"502","00BDGK",6.6,1.3,6.4,1.1
"503","00BDGL",8.5,1.5,7.7,1.1
"504","00BDGM",6.2,1.5,6.2,0.9
"505","00BDGN",11.5,2.1,13.4,1.1
"506","00BDGP",9.8,2.8,17,1.2
"507","00BEGC",46.6,10.1,15.2,0.5
"508","00BEGD",63.5,11.6,19.3,0.4
"509","00BEGE",42.8,7.1,12.7,0.4
"510","00BEGF",43.3,6.4,11.3,0.4
"511","00BEGG",27.2,5.8,13.6,0.8
"512","00BEGH",20.3,4.6,12.3,0.7
"513","00BEGJ",53.9,7.4,20.8,0.4
"514","00BEGK",68.4,10.3,21.8,0.4
"515","00BEGL",45,7.6,15.7,0.4
"516","00BEGM",66.9,13.1,23.8,0.4
"517","00BEGN",54.2,7.8,19.4,0.4
"518","00BEGP",47.4,11.3,21.1,0.5
"519","00BEGQ",59.4,14.4,19.6,0.5
"520","00BEGR",25.3,5.8,13.8,0.7
"521","00BEGS",34.3,4.7,13.5,0.5
"522","00BEGT",45.6,5.8,17.5,0.5
"523","00BEGU",52.3,8.7,21.9,0.5
"524","00BEGW",37.9,6.8,12.4,0.6
"525","00BEGX",23.9,3.7,11.8,0.6
"526","00BEGY",41.5,9.7,17.5,0.5
"527","00BEGZ",15.5,2.8,9.4,1
"528","00BFGC",9,3.8,19.8,1.3
"529","00BFGD",35.9,6.2,21,1.3
"530","00BFGE",10,3,13.7,1.2
"531","00BFGF",7,3.3,15.4,1.2
"532","00BFGG",10.6,3,15.5,1.5
"533","00BFGH",2.5,1.9,14.6,1.5
"534","00BFGJ",3.6,1.7,18.6,1.4
"535","00BFGK",40.5,7.5,27.3,1
"536","00BFGL",3.7,2.8,20.5,1.4
"537","00BFGM",22.7,5.6,18.6,0.8
"538","00BFGN",11.1,3.8,21.6,1.1
"539","00BFGP",11.9,3.5,15.7,0.9
"540","00BFGQ",3.9,2.5,13.5,1.1
"541","00BFGR",14.7,4.1,22.2,1.1
"542","00BFGS",12.9,3.3,16.4,1.1
"543","00BFGT",16.4,4.2,18.7,1.1
"544","00BFGU",33.6,6.6,23.7,1
"545","00BFGW",6.4,2.4,17.2,1.2
"546","00BGFW",46,12.8,22.1,0.4
"547","00BGFX",44.9,10.9,21.4,0.3
"548","00BGFY",28.6,6.7,14.6,0.5
"549","00BGFZ",42.8,10.5,21.4,0.4
"550","00BGGA",39,8.8,20.3,0.5
"551","00BGGC",57.5,19.5,30.7,0.4
"552","00BGGD",41.2,11.7,21.9,0.5
"553","00BGGE",46,8.8,19.5,0.4
"554","00BGGF",52.9,14.8,23.3,0.4
"555","00BGGG",20.6,5.1,11.4,0.5
"556","00BGGH",54,11.7,26.9,0.4
"557","00BGGJ",20.3,4.3,12.3,0.6
"558","00BGGK",42.7,14.8,21.3,0.4
"559","00BGGL",31.9,11.2,17.2,0.3
"560","00BGGM",43.4,11.7,20.6,0.3
"561","00BGGN",32.9,9.3,17.1,0.3
"562","00BHFX",28.3,10.5,19.2,0.6
"563","00BHFY",38.5,13.2,19.3,0.5
"564","00BHFZ",15.7,8.2,18.7,0.9
"565","00BHGA",15.4,4.9,24.2,1.1
"566","00BHGB",14.7,4.8,23.5,1.3
"567","00BHGC",13.6,7.4,19.3,0.8
"568","00BHGD",9.1,7.1,15.7,0.6
"569","00BHGE",18.8,6.8,20,1.1
"570","00BHGF",24.7,7,26.2,1.1
"571","00BHGG",19,8.3,18.3,0.6
"572","00BHGH",33.6,11.5,23.7,0.7
"573","00BHGJ",27,11.5,19,0.6
"574","00BHGK",17.4,6.6,26.2,1.1
"575","00BHGL",18.4,11.9,23,0.6
"576","00BHGM",34.5,12.5,21.1,0.6
"577","00BHGN",15.4,7.5,15.1,0.7
"578","00BHGP",24.4,11.3,20.8,0.6
"579","00BHGQ",17.9,8.1,26.1,1.1
"580","00BHGR",21.4,9,20.4,0.6
"581","00BHGS",30.9,9.8,20.8,0.7
"582","00BJFZ",10.9,2.4,7.1,0.7
"583","00BJGA",16.1,2.9,9.1,0.7
"584","00BJGB",21.7,3.1,11.9,0.7
"585","00BJGC",11.3,2.2,7.9,0.7
"586","00BJGD",15.2,2.4,8.5,0.7
"587","00BJGE",16.8,6.5,15.5,0.7
"588","00BJGF",17.8,5.2,14.7,0.6
"589","00BJGG",47,8.2,17.9,0.4
"590","00BJGH",13.1,2.7,8.9,0.7
"591","00BJGJ",13.6,2.3,6.7,0.8
"592","00BJGK",30.7,4.6,11.9,0.5
"593","00BJGL",46,8.3,18.2,0.6
"594","00BJGM",21.8,4.8,11.4,0.7
"595","00BJGN",22.6,2.8,10.9,0.6
"596","00BJGP",14.7,2.8,10.1,0.7
"597","00BJGQ",7.5,1.3,6.3,0.8
"598","00BJGR",18,5.7,14.4,0.6
"599","00BJGS",12.6,2.1,11,1
"600","00BJGT",23.6,4.7,14.3,0.8
"601","00BJGU",22.9,3.8,14.5,0.8
"602","00BKGA",9.1,2.4,10,0.7
"603","00BKGB",20.4,4.4,7.5,0.4
"604","00BKGC",7.8,3.3,8.2,0.4
"605","00BKGD",49.8,6.8,19.1,0.4
"606","00BKGE",55.8,12.4,28.1,0.3
"607","00BKGF",43.4,10.4,18.4,0.4
"608","00BKGG",9.8,2.9,11.1,0.5
"609","00BKGH",3.9,0.4,5.7,0.9
"610","00BKGJ",10.5,3.4,7.1,0.4
"611","00BKGK",18.5,3.7,11.5,0.6
"612","00BKGL",24.5,4.6,13.2,0.5
"613","00BKGM",9.9,1.3,5.8,0.5
"614","00BKGN",55.4,13.7,22.6,0.4
"615","00BKGP",19.1,2.2,13,0.6
"616","00BKGQ",28,6.1,10.7,0.4
"617","00BKGR",29.3,2.7,12.5,0.4
"618","00BKGS",34.5,4.3,11.7,0.4
"619","00BKGT",28.2,4,9.4,0.5
"620","00BKGU",48.5,10,22.4,0.4
"621","00BKGW",23.5,3.4,9.6,0.4
